{
  "repoSenseVersion": "0b7e276b40",
  "reportGeneratedTime": "Fri Jan 15 07:04:25 2021 UTC",
  "reportGenerationTime": " 6.65 second(s)",
  "zoneId": "UTC",
  "reportTitle": "RepoSense Report",
  "repos": [
    {
      "location": {
        "location": "https://github.com/reposense/RepoSense.git",
        "repoName": "RepoSense",
        "organization": "reposense"
      },
      "branch": "master",
      "displayName": "reposense/RepoSense[master]",
      "outputFolderName": "reposense_RepoSense_master"
    }
  ],
  "errorList": [],
  "sinceDate": "2020-12-15",
  "untilDate": "2021-01-15",
  "isSinceDateProvided": false,
  "isUntilDateProvided": false
}
