{
  "repoSenseVersion": "0b7e276b40",
  "reportGeneratedTime": "Fri Jan 15 06:59:04 2021 UTC",
  "reportGenerationTime": " 1.39 second(s)",
  "zoneId": "UTC",
  "reportTitle": "RepoSense Report",
  "repos": [
    {
      "location": {
        "location": "https://github.com/HCY123902/ip.git",
        "repoName": "ip",
        "organization": "HCY123902"
      },
      "branch": "master",
      "displayName": "HCY123902/ip[master]",
      "outputFolderName": "HCY123902_ip_master"
    }
  ],
  "errorList": [],
  "sinceDate": "2020-12-15",
  "untilDate": "2021-01-15",
  "isSinceDateProvided": false,
  "isUntilDateProvided": false
}
