{
  "authorDailyContributionsMap": {
    "ongspxm": [],
    "jamessspanggg": [
      {
        "date": "2020-12-18",
        "commitResults": [
          {
            "hash": "10c1959fb268466192c54e99af150b152f06f040",
            "messageTitle": "[#1374] Travis: utilise latest node version for PR docs deployment (#1381)",
            "messageBody": "The deployment of PR docs are used with an outdated node version, \r\nwhich causes the building of Markbind to fail.\r\n\r\nSetting the node version to the latest version will fix the issue, \r\nas Markbind requires node version \u003e\u003d v10.13.0 installed.\r\n\r\nLet\u0027s specify the node version for the deployment to be `lts/*`, \r\nwhich will ensure that the Markbind runs without errors.",
            "fileTypesAndContributionMap": {
              "yml": {
                "insertions": 4,
                "deletions": 0
              }
            }
          }
        ]
      },
      {
        "date": "2021-01-04",
        "commitResults": [
          {
            "hash": "3b42fb4a370dddc13a65c74abb2838b1d9f25443",
            "messageTitle": "Update `About us` page (#1393)",
            "messageBody": "The `About us` page contains outdated information as some \r\ncontributors no longer participate in RepoSense.\r\n\r\nLet\u0027s update the `About us` page to reflect the most recent team \r\narrangements.",
            "fileTypesAndContributionMap": {
              "md": {
                "insertions": 55,
                "deletions": 30
              }
            }
          }
        ]
      }
    ],
    "yamidark": [],
    "yong24s": [],
    "eugenepeh": []
  },
  "authorFileTypeContributionMap": {
    "ongspxm": {
      "gradle": 0,
      "pug": 0,
      "java": 0,
      "js": 0,
      "md": 0,
      "scss": 0,
      "yml": 0
    },
    "jamessspanggg": {
      "gradle": 0,
      "pug": 0,
      "java": 0,
      "js": 0,
      "md": 55,
      "scss": 0,
      "yml": 0
    },
    "yamidark": {
      "gradle": 0,
      "pug": 0,
      "java": 0,
      "js": 0,
      "md": 0,
      "scss": 0,
      "yml": 0
    },
    "yong24s": {
      "gradle": 0,
      "pug": 0,
      "java": 0,
      "js": 0,
      "md": 0,
      "scss": 0,
      "yml": 0
    },
    "eugenepeh": {
      "gradle": 0,
      "pug": 0,
      "java": 0,
      "js": 0,
      "md": 0,
      "scss": 0,
      "yml": 0
    }
  },
  "authorContributionVariance": {
    "ongspxm": 0.0,
    "jamessspanggg": 326.84805,
    "yamidark": 0.0,
    "yong24s": 0.0,
    "eugenepeh": 0.0
  },
  "authorDisplayNameMap": {
    "ongspxm": "Metta",
    "jamessspanggg": "James",
    "yamidark": "Jun An",
    "yong24s": "Yong Hao",
    "eugenepeh": "Eugene"
  }
}
